{
  "id": "1706241",
  "name": "vab字体图像",
  "font_family": "iconfont",
  "css_prefix_text": "icon-",
  "description": "",
  "glyphs": [
    {
      "icon_id": "2401942",
      "name": "搜索",
      "font_class": "sousuo",
      "unicode": "e61b",
      "unicode_decimal": 58907
    },
    {
      "icon_id": "5158410",
      "name": " 搜索",
      "font_class": "sousuo-",
      "unicode": "e61c",
      "unicode_decimal": 58908
    },
    {
      "icon_id": "10496928",
      "name": "搜索",
      "font_class": "sousuo1",
      "unicode": "e620",
      "unicode_decimal": 58912
    },
    {
      "icon_id": "12897863",
      "name": "搜索",
      "font_class": "sousuo-1",
      "unicode": "e623",
      "unicode_decimal": 58915
    },
    {
      "icon_id": "1301379",
      "name": "下拉",
      "font_class": "xiala1",
      "unicode": "e662",
      "unicode_decimal": 58978
    },
    {
      "icon_id": "1301384",
      "name": "下拉-向右",
      "font_class": "xiala-xiangyou",
      "unicode": "e665",
      "unicode_decimal": 58981
    },
    {
      "icon_id": "3862137",
      "name": "标签",
      "font_class": "biaoqian3",
      "unicode": "e603",
      "unicode_decimal": 58883
    },
    {
      "icon_id": "4034080",
      "name": "下拉-表单选项",
      "font_class": "xiajiantou",
      "unicode": "e65e",
      "unicode_decimal": 58974
    },
    {
      "icon_id": "4552962",
      "name": "下拉箭头小2",
      "font_class": "xialajiantouxiao",
      "unicode": "e907",
      "unicode_decimal": 59655
    },
    {
      "icon_id": "4800117",
      "name": "下拉",
      "font_class": "xiala2",
      "unicode": "e7ac",
      "unicode_decimal": 59308
    },
    {
      "icon_id": "1301374",
      "name": "上传",
      "font_class": "shangchuan",
      "unicode": "e660",
      "unicode_decimal": 58976
    },
    {
      "icon_id": "2380653",
      "name": "上传",
      "font_class": "shangchuan1",
      "unicode": "e619",
      "unicode_decimal": 58905
    },
    {
      "icon_id": "4397928",
      "name": "退出",
      "font_class": "tuichu",
      "unicode": "e638",
      "unicode_decimal": 58936
    },
    {
      "icon_id": "10715438",
      "name": "上传",
      "font_class": "shangchuan2",
      "unicode": "e635",
      "unicode_decimal": 58933
    },
    {
      "icon_id": "12717491",
      "name": "退出",
      "font_class": "tuichu1",
      "unicode": "e61a",
      "unicode_decimal": 58906
    },
    {
      "icon_id": "1544380",
      "name": "编辑文章",
      "font_class": "icon-test",
      "unicode": "e62a",
      "unicode_decimal": 58922
    },
    {
      "icon_id": "1642563",
      "name": "书",
      "font_class": "book",
      "unicode": "e683",
      "unicode_decimal": 59011
    },
    {
      "icon_id": "2027369",
      "name": "电视",
      "font_class": "dianshi",
      "unicode": "e649",
      "unicode_decimal": 58953
    },
    {
      "icon_id": "2115116",
      "name": "话题榜",
      "font_class": "huatibang",
      "unicode": "e64f",
      "unicode_decimal": 58959
    },
    {
      "icon_id": "3705480",
      "name": "写文章",
      "font_class": "xiewenzhang",
      "unicode": "e645",
      "unicode_decimal": 58949
    },
    {
      "icon_id": "3737512",
      "name": "话题",
      "font_class": "tubiaozhizuomoban-",
      "unicode": "e616",
      "unicode_decimal": 58902
    },
    {
      "icon_id": "3783785",
      "name": "电视",
      "font_class": "dianshi1",
      "unicode": "e630",
      "unicode_decimal": 58928
    },
    {
      "icon_id": "3900986",
      "name": "影视",
      "font_class": "yingshi-yuanwenjian",
      "unicode": "e628",
      "unicode_decimal": 58920
    },
    {
      "icon_id": "5001848",
      "name": "电视机",
      "font_class": "dianshiji",
      "unicode": "e634",
      "unicode_decimal": 58932
    },
    {
      "icon_id": "5194306",
      "name": "电视机",
      "font_class": "dianshiji1",
      "unicode": "e692",
      "unicode_decimal": 59026
    },
    {
      "icon_id": "5195345",
      "name": "图书",
      "font_class": "tushu",
      "unicode": "e618",
      "unicode_decimal": 58904
    },
    {
      "icon_id": "5483528",
      "name": "书",
      "font_class": "shu",
      "unicode": "e6f6",
      "unicode_decimal": 59126
    },
    {
      "icon_id": "7466500",
      "name": "书本、标签、记录",
      "font_class": "huabanfuben1",
      "unicode": "e691",
      "unicode_decimal": 59025
    },
    {
      "icon_id": "7466506",
      "name": "多人在线聊天，聊天，群聊",
      "font_class": "huabanfuben2",
      "unicode": "e693",
      "unicode_decimal": 59027
    },
    {
      "icon_id": "7560891",
      "name": "书",
      "font_class": "books",
      "unicode": "e666",
      "unicode_decimal": 58982
    },
    {
      "icon_id": "8629256",
      "name": "人员",
      "font_class": "renyuan",
      "unicode": "e66d",
      "unicode_decimal": 58989
    },
    {
      "icon_id": "12522772",
      "name": "笔记",
      "font_class": "biji",
      "unicode": "e624",
      "unicode_decimal": 58916
    },
    {
      "icon_id": "12593300",
      "name": "书本 (2)",
      "font_class": "shuben",
      "unicode": "e6f5",
      "unicode_decimal": 59125
    },
    {
      "icon_id": "12753474",
      "name": "编辑文章",
      "font_class": "bianjiwenzhang_huaban",
      "unicode": "e62e",
      "unicode_decimal": 58926
    },
    {
      "icon_id": "12875242",
      "name": "文章",
      "font_class": "icon_A",
      "unicode": "e6ad",
      "unicode_decimal": 59053
    },
    {
      "icon_id": "13042656",
      "name": "人数",
      "font_class": "renshu",
      "unicode": "e639",
      "unicode_decimal": 58937
    },
    {
      "icon_id": "248884",
      "name": "注册",
      "font_class": "zhuce",
      "unicode": "e613",
      "unicode_decimal": 58899
    },
    {
      "icon_id": "248887",
      "name": "登录",
      "font_class": "denglu",
      "unicode": "e614",
      "unicode_decimal": 58900
    },
    {
      "icon_id": "551844",
      "name": "竖线",
      "font_class": "vertical_line",
      "unicode": "e63a",
      "unicode_decimal": 58938
    },
    {
      "icon_id": "6237070",
      "name": "竖线",
      "font_class": "tubiaozhizuo-",
      "unicode": "e615",
      "unicode_decimal": 58901
    },
    {
      "icon_id": "8289033",
      "name": "星星",
      "font_class": "xingxing",
      "unicode": "e870",
      "unicode_decimal": 59504
    },
    {
      "icon_id": "8727201",
      "name": "星星",
      "font_class": "xingxing1",
      "unicode": "e610",
      "unicode_decimal": 58896
    },
    {
      "icon_id": "11372673",
      "name": "话题",
      "font_class": "huati2",
      "unicode": "e8b1",
      "unicode_decimal": 59569
    },
    {
      "icon_id": "7621",
      "name": "主页",
      "font_class": "zhuye",
      "unicode": "e600",
      "unicode_decimal": 58880
    },
    {
      "icon_id": "135136",
      "name": "足迹",
      "font_class": "zuji",
      "unicode": "e601",
      "unicode_decimal": 58881
    },
    {
      "icon_id": "180897",
      "name": "电影",
      "font_class": "dianying",
      "unicode": "e605",
      "unicode_decimal": 58885
    },
    {
      "icon_id": "595348",
      "name": "设置",
      "font_class": "shezhi",
      "unicode": "e606",
      "unicode_decimal": 58886
    },
    {
      "icon_id": "785061",
      "name": "主页",
      "font_class": "zhuye1",
      "unicode": "e678",
      "unicode_decimal": 59000
    },
    {
      "icon_id": "1026172",
      "name": "用户",
      "font_class": "yonghu",
      "unicode": "e629",
      "unicode_decimal": 58921
    },
    {
      "icon_id": "1127367",
      "name": "用户",
      "font_class": "user",
      "unicode": "e607",
      "unicode_decimal": 58887
    },
    {
      "icon_id": "1166149",
      "name": "点赞",
      "font_class": "iconfontzhizuobiaozhun023148",
      "unicode": "e696",
      "unicode_decimal": 59030
    },
    {
      "icon_id": "1212310",
      "name": "足迹",
      "font_class": "zuji1",
      "unicode": "e677",
      "unicode_decimal": 58999
    },
    {
      "icon_id": "1221242",
      "name": "点赞",
      "font_class": "dianzan",
      "unicode": "e609",
      "unicode_decimal": 58889
    },
    {
      "icon_id": "1354909",
      "name": "足迹",
      "font_class": "zuji2",
      "unicode": "e61d",
      "unicode_decimal": 58909
    },
    {
      "icon_id": "1526259",
      "name": "聊天",
      "font_class": "liaotian",
      "unicode": "e64c",
      "unicode_decimal": 58956
    },
    {
      "icon_id": "1637337",
      "name": "标签",
      "font_class": "biaoqian",
      "unicode": "e608",
      "unicode_decimal": 58888
    },
    {
      "icon_id": "1687276",
      "name": "点赞",
      "font_class": "ziyuan",
      "unicode": "e637",
      "unicode_decimal": 58935
    },
    {
      "icon_id": "2077715",
      "name": "用户",
      "font_class": "yonghu1",
      "unicode": "e646",
      "unicode_decimal": 58950
    },
    {
      "icon_id": "2150372",
      "name": "书籍",
      "font_class": "book_icon",
      "unicode": "e66c",
      "unicode_decimal": 58988
    },
    {
      "icon_id": "2402014",
      "name": "标签",
      "font_class": "biaoqian1",
      "unicode": "e60e",
      "unicode_decimal": 58894
    },
    {
      "icon_id": "4292630",
      "name": "聊天",
      "font_class": "liaotian1",
      "unicode": "e75a",
      "unicode_decimal": 59226
    },
    {
      "icon_id": "4409271",
      "name": "聊天",
      "font_class": "ziyuan1",
      "unicode": "e622",
      "unicode_decimal": 58914
    },
    {
      "icon_id": "4427404",
      "name": "主页",
      "font_class": "tubiaozhizuomobanyihuifu-",
      "unicode": "e69d",
      "unicode_decimal": 59037
    },
    {
      "icon_id": "4608981",
      "name": "电影，视频",
      "font_class": "dianyingshipin",
      "unicode": "e60f",
      "unicode_decimal": 58895
    },
    {
      "icon_id": "4880022",
      "name": "点赞1",
      "font_class": "dianzan1",
      "unicode": "e611",
      "unicode_decimal": 58897
    },
    {
      "icon_id": "4933145",
      "name": "收藏书籍",
      "font_class": "shoucangshuji",
      "unicode": "e6c3",
      "unicode_decimal": 59075
    },
    {
      "icon_id": "4933212",
      "name": "电影",
      "font_class": "dianying1",
      "unicode": "e6ee",
      "unicode_decimal": 59118
    },
    {
      "icon_id": "5378975",
      "name": "小组",
      "font_class": "xiaozu",
      "unicode": "e654",
      "unicode_decimal": 58964
    },
    {
      "icon_id": "5767779",
      "name": "足迹",
      "font_class": "zuji3",
      "unicode": "e755",
      "unicode_decimal": 59221
    },
    {
      "icon_id": "5777510",
      "name": "话题",
      "font_class": "huati",
      "unicode": "e621",
      "unicode_decimal": 58913
    },
    {
      "icon_id": "6217946",
      "name": "点赞",
      "font_class": "dianzan2",
      "unicode": "e61e",
      "unicode_decimal": 58910
    },
    {
      "icon_id": "6235462",
      "name": "点赞",
      "font_class": "duomeitiicon-",
      "unicode": "e617",
      "unicode_decimal": 58903
    },
    {
      "icon_id": "6241505",
      "name": "设置",
      "font_class": "shezhi1",
      "unicode": "e627",
      "unicode_decimal": 58919
    },
    {
      "icon_id": "6429564",
      "name": "主页",
      "font_class": "zhuye2",
      "unicode": "e61f",
      "unicode_decimal": 58911
    },
    {
      "icon_id": "6489733",
      "name": "书籍",
      "font_class": "shuji",
      "unicode": "e68f",
      "unicode_decimal": 59023
    },
    {
      "icon_id": "6888867",
      "name": "电影",
      "font_class": "dianying2",
      "unicode": "e65b",
      "unicode_decimal": 58971
    },
    {
      "icon_id": "8361827",
      "name": "聊天",
      "font_class": "liaotian2",
      "unicode": "e6cb",
      "unicode_decimal": 59083
    },
    {
      "icon_id": "8629266",
      "name": "点赞",
      "font_class": "dianzan3",
      "unicode": "e66e",
      "unicode_decimal": 58990
    },
    {
      "icon_id": "8765155",
      "name": "设置",
      "font_class": "shezhi2",
      "unicode": "e62d",
      "unicode_decimal": 58925
    },
    {
      "icon_id": "9371332",
      "name": "聊天",
      "font_class": "liaotian3",
      "unicode": "e75e",
      "unicode_decimal": 59230
    },
    {
      "icon_id": "9745836",
      "name": "话题_line",
      "font_class": "huati_line",
      "unicode": "e60a",
      "unicode_decimal": 58890
    },
    {
      "icon_id": "10164891",
      "name": "电影",
      "font_class": "dianying3",
      "unicode": "e661",
      "unicode_decimal": 58977
    },
    {
      "icon_id": "10715414",
      "name": "标签",
      "font_class": "biaoqian2",
      "unicode": "e631",
      "unicode_decimal": 58929
    },
    {
      "icon_id": "11372765",
      "name": "话题",
      "font_class": "huati1",
      "unicode": "e8c4",
      "unicode_decimal": 59588
    },
    {
      "icon_id": "11592817",
      "name": "点赞",
      "font_class": "danyehuaban",
      "unicode": "e62f",
      "unicode_decimal": 58927
    },
    {
      "icon_id": "11726703",
      "name": "话题icon",
      "font_class": "label",
      "unicode": "e602",
      "unicode_decimal": 58882
    },
    {
      "icon_id": "12099644",
      "name": "点赞",
      "font_class": "huabanfuben",
      "unicode": "eb7c",
      "unicode_decimal": 60284
    },
    {
      "icon_id": "13547738",
      "name": "奖品",
      "font_class": "jiangpin",
      "unicode": "e64a",
      "unicode_decimal": 58954
    },
    {
      "icon_id": "13547743",
      "name": "搜索工具栏",
      "font_class": "sousuogongjulan",
      "unicode": "e64b",
      "unicode_decimal": 58955
    },
    {
      "icon_id": "13547746",
      "name": "排行榜",
      "font_class": "paihangbang",
      "unicode": "e64d",
      "unicode_decimal": 58957
    },
    {
      "icon_id": "13547760",
      "name": "自定义模块",
      "font_class": "zidingyimokuai",
      "unicode": "e64e",
      "unicode_decimal": 58958
    },
    {
      "icon_id": "13582304",
      "name": "下拉",
      "font_class": "xiala",
      "unicode": "e604",
      "unicode_decimal": 58884
    },
    {
      "icon_id": "13582307",
      "name": "上拉",
      "font_class": "shangla",
      "unicode": "e60b",
      "unicode_decimal": 58891
    },
    {
      "icon_id": "13582313",
      "name": "返回",
      "font_class": "fanhui",
      "unicode": "e60c",
      "unicode_decimal": 58892
    },
    {
      "icon_id": "13582318",
      "name": "更多",
      "font_class": "gengduo",
      "unicode": "e60d",
      "unicode_decimal": 58893
    },
    {
      "icon_id": "13582987",
      "name": "设置",
      "font_class": "shezhi3",
      "unicode": "e612",
      "unicode_decimal": 58898
    },
    {
      "icon_id": "13603395",
      "name": "爱心售后",
      "font_class": "aixin",
      "unicode": "e626",
      "unicode_decimal": 58918
    },
    {
      "icon_id": "13604337",
      "name": "更多",
      "font_class": "gengduo1",
      "unicode": "e63c",
      "unicode_decimal": 58940
    },
    {
      "icon_id": "13604438",
      "name": "个人中心",
      "font_class": "gerenzhongxin",
      "unicode": "e63d",
      "unicode_decimal": 58941
    },
    {
      "icon_id": "13604912",
      "name": "群体",
      "font_class": "qunti",
      "unicode": "e641",
      "unicode_decimal": 58945
    },
    {
      "icon_id": "13604924",
      "name": "应用",
      "font_class": "yingyong",
      "unicode": "e642",
      "unicode_decimal": 58946
    }
  ]
}
